1,img/product-1.jpg, Varustus, 60€
2,img/product-2.jpg, Varustus, 50€
3,img/product-3.jpg, Püksid, 30€
4,img/product-4.jpg, Särk, 40€
5,img/product-5.jpg, Jalanõud, 50€
6,img/product-6.jpg,  Särk, 60€
7,img/product-7.jpg, Sokid, 70€
8,img/product-8.jpg, Kell, 80€
9,img/product-9.jpg, Kell, 90€
10,img/product-10.jpg, Jalanõud, 100€
11,img/product-11.jpg, varustus2, 200$
12,img/product-12.jpg, Särk, 120€13,img/haram.jpg,asd,33313,img/haram.jpg,asd,12313,"img/S5300001 (1).JPG",viin,69
13,"img/S5300001 (1).JPG","lalalla messi",44
14,"img/IMG_0421 (1).JPG",4,55
15,img/CAM00106.jpg,tootab3,69
